Channel,AuthorID,Author,Date,Content,Attachments,Reactions,sentiment
Ocean Protocol - GENERAL - ğŸ’¡ï¸±idea-factory [1088534285478269038],804604311015129089,doteth,2023-03-24 02:48:00,"Hello Oceaners ğŸŒŠ  

Just like the ocean, our community is always changing and evolving, and we believe that everyone can play a part in shaping its future.

This is the place where you can make your voice heard and help us chart a course to success. Dive in and share your thoughts and ideas on how we can create an even better community for all of us to enjoy.

Whether you're a seasoned sailor or a new deckhand, we value your input and are eager to hear your suggestions. 

So batten down the hatches and join the discussion! Let's work together to ensure smooth sailing ahead. ğŸŒŠ",,ğŸ¤ (2),0.9812
Ocean Protocol - GENERAL - ğŸ’¡ï¸±idea-factory [1088534285478269038],768163222095134732,lukas85#6738,2023-03-24 02:53:00,Hi I think more attention should be put into getting organic high karma Reddit accounts (I have one btw and would be willing to post whatever you like) to make posts about the project on the major crypto subs. This will also help drive traffic and users to the native Ocean reddit sub.,,"ğŸ™ (2),ğŸ’¡ (1)",0.4019
Ocean Protocol - GENERAL - ğŸ’¡ï¸±idea-factory [1088534285478269038],768163222095134732,lukas85#6738,2023-03-24 02:53:00,"Also hosting AMAs there would be extremely beneficial, usually AMAS will get posted and stickied to the top for their duration  if it is official dev/core team",,ğŸ’¡ (1),0.6115
Ocean Protocol - GENERAL - ğŸ’¡ï¸±idea-factory [1088534285478269038],768163222095134732,lukas85#6738,2023-03-24 02:55:00,"I think overall Ocean has been a very development focused and shill-less token so it could use some exposure to the more general crypto community, most of which gravitates towards reddit/r/cryptocurrency",,goldeye (1),0.4364
Ocean Protocol - GENERAL - ğŸ’¡ï¸±idea-factory [1088534285478269038],768163222095134732,lukas85#6738,2023-03-24 02:59:00,"Lastly getting either Bruce, Trent or both on Lex Friedman's podcast would be insane exposure and I think since all their interests align it could also actually be a good episode,  more people should know who originated the entire NFT concept 10 years ago",,"ğŸ™Œ (4),1432superstar (2),ğŸ’¯ (1)",0.296
Ocean Protocol - GENERAL - ğŸ’¡ï¸±idea-factory [1088534285478269038],691179216703717385,ultraviolet4453,2023-03-26 23:37:00,trent on lexâ€™ podcast is something I have recommended for 3+ years would be perfect. Even Ben Goertzel from SNet recommended Ocean to Lex when he was on the sjow lol,,,0.8442
Ocean Protocol - GENERAL - ğŸ’¡ï¸±idea-factory [1088534285478269038],691179216703717385,ultraviolet4453,2023-03-28 03:05:00,show*,,,0.0
Ocean Protocol - GENERAL - ğŸ’¡ï¸±idea-factory [1088534285478269038],768163222095134732,lukas85#6738,2023-03-29 01:07:00,"*lukas85 â€” Today at 10:07 AM
@OceanGPT how can Ocean Protocol leverage its technology for A.I. and datasets to the general consumer market or less tech savvy individuals?
OceanGPT
BOT
 â€” Today at 10:07 AM
Ocean Protocol can leverage its technology for AI and datasets to the general consumer market by providing a user-friendly interface for data providers and consumers to interact with the marketplace. This includes features such as easy dataset discovery, simple pricing options, and access control tools. Additionally, Ocean can partner with companies and organizations to integrate its technology into their existing platforms, making it more accessible to less tech-savvy individuals.*",,,0.4404
Ocean Protocol - GENERAL - ğŸ’¡ï¸±idea-factory [1088534285478269038],768163222095134732,lukas85#6738,2023-03-29 01:08:00,Lol if you want suggestions talk to your own channel bot as well,,"ğŸ¤£ (2),ğŸ˜‚ (2),mariobroshigh5 (2)",0.6369
Ocean Protocol - GENERAL - ğŸ’¡ï¸±idea-factory [1088534285478269038],1023969691548528700,wanderclyffex,2023-03-29 14:25:00,@OceanGPT how can we build an Instagram type application but on top of the ocean protocol and using ocean protocol technology stack ?,,,0.296
Ocean Protocol - GENERAL - ğŸ’¡ï¸±idea-factory [1088534285478269038],1023969691548528700,wanderclyffex,2023-03-29 14:30:00,"Any problem ?

Did I put something wrong ?",,,-0.7319
Ocean Protocol - GENERAL - ğŸ’¡ï¸±idea-factory [1088534285478269038],843831770062913568,white_rider_,2023-03-29 16:13:00,"Noup, we are still working on the OceanGPT bot",,,0.0
Ocean Protocol - GENERAL - ğŸ’¡ï¸±idea-factory [1088534285478269038],768163222095134732,lukas85#6738,2023-03-29 16:32:00,"you have to ask in the ai-fun channel, I don't think it can respond in other channels",,,0.0
Ocean Protocol - GENERAL - ğŸ’¡ï¸±idea-factory [1088534285478269038],1023969691548528700,wanderclyffex,2023-03-30 14:24:00,Okayyy,,,0.0
Ocean Protocol - GENERAL - ğŸ’¡ï¸±idea-factory [1088534285478269038],1023969691548528700,wanderclyffex,2023-03-30 14:25:00,Dmed you @White Rider,,ğŸ‘ (1),0.0
Ocean Protocol - GENERAL - ğŸ’¡ï¸±idea-factory [1088534285478269038],721786394992705537,miamisilvio,2023-04-03 15:13:00,yeah me too,,,0.296
Ocean Protocol - GENERAL - ğŸ’¡ï¸±idea-factory [1088534285478269038],721786394992705537,miamisilvio,2023-04-03 15:14:00,Fun question though,,,0.5106
Ocean Protocol - GENERAL - ğŸ’¡ï¸±idea-factory [1088534285478269038],721786394992705537,miamisilvio,2023-04-03 15:14:00,Didn't work for me in that channel either.,,,0.0
Ocean Protocol - GENERAL - ğŸ’¡ï¸±idea-factory [1088534285478269038],768163222095134732,lukas85#6738,2023-04-04 02:54:00,"its up now, the ai-fun channel has the image a.i. bot and its all the way under the ecosystem tab",,,0.0
Ocean Protocol - GENERAL - ğŸ’¡ï¸±idea-factory [1088534285478269038],768163222095134732,lukas85#6738,2023-04-04 02:54:00,the chatgpt one is in there too,,,0.0
Ocean Protocol - GENERAL - ğŸ’¡ï¸±idea-factory [1088534285478269038],768163222095134732,lukas85#6738,2023-04-04 02:54:00,the ask-ai only has the chatbot,,,0.0
Ocean Protocol - GENERAL - ğŸ’¡ï¸±idea-factory [1088534285478269038],918634008026447953,souveynr,2023-04-06 06:59:00,"Hello @White Rider,

I would like to introduce you to a project I am involved in as a VIP Contributor and bring the two project teams together about a possible partnership.

Can I send you the details as a dm?

Thank you.",,,0.8415
Ocean Protocol - GENERAL - ğŸ’¡ï¸±idea-factory [1088534285478269038],843831770062913568,white_rider_,2023-04-06 17:07:00,Hello @souveynr - ZetaChain Please fill in this form: https://forms.gle/pfdbeVqdkwGwhEs56 and one of my colleagues will get back. Thank you ğŸ™,,,0.5859
Ocean Protocol - GENERAL - ğŸ’¡ï¸±idea-factory [1088534285478269038],918634008026447953,souveynr,2023-04-07 08:39:00,"Thank you @White Rider, sent.",,,0.3612
Ocean Protocol - GENERAL - ğŸ’¡ï¸±idea-factory [1088534285478269038],355688449300234260,privmccloud,2023-04-07 14:57:00,"Hello, I have a question about Ocean Protocolâ€™s architecture. I noticed that AWSâ€™ elasticsearch is being used along with docker containers and kubernetes clusters. Are other cloud service providers also being used? I am curious in regards to Ocean Protocolâ€™s security and resiliency design. Thank you!",,,0.7574
Ocean Protocol - GENERAL - ğŸ’¡ï¸±idea-factory [1088534285478269038],843831770062913568,white_rider_,2023-04-07 16:10:00,Hello @Z.M. The best place to ask about this is in the #ğŸ’»â”ƒdev-lounge . Please ask your questions there and one of our engineers will get back to you.,,â˜‘ï¸ (1),0.7579
Ocean Protocol - GENERAL - ğŸ’¡ï¸±idea-factory [1088534285478269038],355688449300234260,privmccloud,2023-04-07 16:33:00,"Absolutely, I'll post it over there. Are you able to grant me permission to speak in that channel?",,,0.3612
Ocean Protocol - GENERAL - ğŸ’¡ï¸±idea-factory [1088534285478269038],843831770062913568,white_rider_,2023-04-07 16:33:00,Everyone is allowed to post in the #ğŸ’»â”ƒdev-lounge.,,,0.0
Ocean Protocol - GENERAL - ğŸ’¡ï¸±idea-factory [1088534285478269038],843831770062913568,white_rider_,2023-04-07 16:33:00,Are you facing issues?,,,0.0
Ocean Protocol - GENERAL - ğŸ’¡ï¸±idea-factory [1088534285478269038],843831770062913568,white_rider_,2023-04-07 16:35:00,"Oh, I just realised. A few permissions are not granted. I'll fix this ASAP",,,-0.1877
Ocean Protocol - GENERAL - ğŸ’¡ï¸±idea-factory [1088534285478269038],843831770062913568,white_rider_,2023-04-07 16:36:00,"Done, everyone should be able to write in that channel now",,,0.0
Ocean Protocol - GENERAL - ğŸ’¡ï¸±idea-factory [1088534285478269038],843831770062913568,white_rider_,2023-04-07 16:37:00,Thanks for flagging this ğŸ™ We recently changed the discord structure and we didn't notice ğŸ˜„,,,0.0516
Ocean Protocol - GENERAL - ğŸ’¡ï¸±idea-factory [1088534285478269038],355688449300234260,privmccloud,2023-04-07 16:38:00,Glad we found out to correct it! Thank you!,,,0.7256
Ocean Protocol - GENERAL - ğŸ’¡ï¸±idea-factory [1088534285478269038],768163222095134732,lukas85#6738,2023-04-12 01:44:00,"Hi is there a community manager for the reddit page? seems like no one is posting on it anymore from official team, threads llike this one going unanswered as well - https://www.reddit.com/r/oceanprotocol/comments/12eixfd/why_are_gas_fees_very_higher_to_lock_ocean/",,,0.34
Ocean Protocol - GENERAL - ğŸ’¡ï¸±idea-factory [1088534285478269038],387401160656683034,birususama,2023-04-17 15:50:00,"Hey Lukas, I hope the question is answered already.",,,0.4404
Ocean Protocol - GENERAL - ğŸ’¡ï¸±idea-factory [1088534285478269038],768163222095134732,lukas85#6738,2023-04-18 02:03:00,yes it was but I hope the team/mods don't abandon the reddit page (and other related crypto subreddits) as not everyone uses disc/tele or twitter,,,0.832
Ocean Protocol - GENERAL - ğŸ’¡ï¸±idea-factory [1088534285478269038],387401160656683034,birususama,2023-04-18 11:28:00,Yeah got it. We will be active on reddit.,,ğŸ§° (1),0.5994
Ocean Protocol - GENERAL - ğŸ’¡ï¸±idea-factory [1088534285478269038],768163222095134732,lukas85#6738,2023-04-26 09:52:00,"you cant search cryptos by $ sign or hashtag anymore on Twitter without logging into an account....must be unable to retain active users, not a good sign if its not some kind of glitch or temporary error, would be good to maybe start looking into setting up alternative accounts like mastodon",,,-0.3208
Ocean Protocol - GENERAL - ğŸ’¡ï¸±idea-factory [1088534285478269038],768163222095134732,lukas85#6738,2023-04-26 09:53:00,"also perhaps for reddit could get some kind of general a.i. token discussion/OT going , that way the typical doomers there cant really accuse you of shilling & get thread downvoted vs if you were to just discuss Ocean only",,,0.2044
Ocean Protocol - GENERAL - ğŸ’¡ï¸±idea-factory [1088534285478269038],768163222095134732,lukas85#6738,2023-04-26 09:55:00,perhaps some actual decentralized platform will gain traction as well,,,0.6705
Ocean Protocol - GENERAL - ğŸ’¡ï¸±idea-factory [1088534285478269038],892343466862981130,iamveektoria,2023-05-04 03:03:00,@blockchainlugano @zippy1979 spam?,,ğŸ™ (3),-0.3612
Ocean Protocol - GENERAL - ğŸ’¡ï¸±idea-factory [1088534285478269038],717363377269244015,blockchainlugano,2023-05-04 05:45:00,Thanks for bringing this to attention!,,,0.4926
Ocean Protocol - GENERAL - ğŸ’¡ï¸±idea-factory [1088534285478269038],768163222095134732,lukas85#6738,2023-05-14 11:42:00,are you though?,,,0.0
Ocean Protocol - GENERAL - ğŸ’¡ï¸±idea-factory [1088534285478269038],768163222095134732,lukas85#6738,2023-05-14 11:42:00,how is twitter going? dead platform right? capping out at followers i assume? impressions trash?,,,-0.6553
Ocean Protocol - GENERAL - ğŸ’¡ï¸±idea-factory [1088534285478269038],768163222095134732,lukas85#6738,2023-05-14 11:43:00,you have posted 0 times ever in the lifetime of Ocean in the main r/Cryptocurrency subreddit,,,0.0
Ocean Protocol - GENERAL - ğŸ’¡ï¸±idea-factory [1088534285478269038],768163222095134732,lukas85#6738,2023-05-14 11:45:00,"Same inaction and lack of intuition and ability to interface with anything that has mainstream or major reach continues to be a bottleneck for this company I see, nothing has changed",,,-0.2263
Ocean Protocol - GENERAL - ğŸ’¡ï¸±idea-factory [1088534285478269038],768163222095134732,lukas85#6738,2023-05-14 11:46:00,"Not just changed but not even attempts or anyone trying to do anything new or anything else, really sad TBH and **complete waste of the marketplace you created because no one knows about it**",,,-0.8621
Ocean Protocol - GENERAL - ğŸ’¡ï¸±idea-factory [1088534285478269038],387401160656683034,birususama,2023-05-15 13:43:00,"Hey @lukas85 We do not actively post on Reddit. We consider it more as a discussion platform where community post under our subreddit be it questions, recent developments etc and we as a team moderate it.",,,-0.2411
Ocean Protocol - GENERAL - ğŸ’¡ï¸±idea-factory [1088534285478269038],387401160656683034,birususama,2023-05-15 13:44:00,We do not intend to post in other subreddits.,,,0.0
Ocean Protocol - GENERAL - ğŸ’¡ï¸±idea-factory [1088534285478269038],387401160656683034,birususama,2023-05-15 13:44:00,Our main platform has been twitter where we get maximum engagement. Feel free to pitch in ideas ğŸ™‚,,,0.743
Ocean Protocol - GENERAL - ğŸ’¡ï¸±idea-factory [1088534285478269038],768163222095134732,lukas85#6738,2023-05-15 19:05:00,big mistake right there,,,-0.34
Ocean Protocol - GENERAL - ğŸ’¡ï¸±idea-factory [1088534285478269038],768163222095134732,lukas85#6738,2023-05-15 19:05:00,"the main reddit cryptocurrency isn't ""other"" subreddits",,,0.0
Ocean Protocol - GENERAL - ğŸ’¡ï¸±idea-factory [1088534285478269038],768163222095134732,lukas85#6738,2023-05-15 19:05:00,get a clue,,,0.0
Ocean Protocol - GENERAL - ğŸ’¡ï¸±idea-factory [1088534285478269038],768163222095134732,lukas85#6738,2023-05-15 19:06:00,"Twitter = maximum engagement? are you joking? You have 160k followers (which I am sure a large portion are bots) and at best, your highest viewed tweet ever is sitting barely at 20k views...",,,0.8948
Ocean Protocol - GENERAL - ğŸ’¡ï¸±idea-factory [1088534285478269038],768163222095134732,lukas85#6738,2023-05-15 19:09:00,"Cause the same way they dropped the ball with NFTs way back almost to 2012 and gettting credit for that, same thing is going to happen for DataNFTs and ocean marketplace cause again, no one will know about",,,0.1027
Ocean Protocol - GENERAL - ğŸ’¡ï¸±idea-factory [1088534285478269038],387401160656683034,birususama,2023-05-15 19:09:00,Hey @lukas85 . I guess you are going a little overboard now.,,,0.0
Ocean Protocol - GENERAL - ğŸ’¡ï¸±idea-factory [1088534285478269038],768163222095134732,lukas85#6738,2023-05-15 19:09:00,You don't even post anything on your own subreddit either,,,0.0
Ocean Protocol - GENERAL - ğŸ’¡ï¸±idea-factory [1088534285478269038],768163222095134732,lukas85#6738,2023-05-15 19:09:00,SO what do you actually do?,,,0.0
Ocean Protocol - GENERAL - ğŸ’¡ï¸±idea-factory [1088534285478269038],768163222095134732,lukas85#6738,2023-05-15 19:09:00,Just collect staking  rewards and dump them on open market?,,,0.128
Ocean Protocol - GENERAL - ğŸ’¡ï¸±idea-factory [1088534285478269038],768163222095134732,lukas85#6738,2023-05-15 19:10:00,thats it? seems like thats what large majority of the non dev/actualy programmers in ocean team do,,,0.3612
Ocean Protocol - GENERAL - ğŸ’¡ï¸±idea-factory [1088534285478269038],768163222095134732,lukas85#6738,2023-05-15 19:12:00,You dont deserve a community manager tag ive seen you do literally nothing in this community or any social media channels,,,0.0
Ocean Protocol - GENERAL - ğŸ’¡ï¸±idea-factory [1088534285478269038],768163222095134732,lukas85#6738,2023-05-15 19:12:00,ive posted more threads on the ocean subreddit than you have,,,0.0
Ocean Protocol - GENERAL - ğŸ’¡ï¸±idea-factory [1088534285478269038],768163222095134732,lukas85#6738,2023-05-15 19:13:00,"thats right no bother posting anything back, youre just a leech/do nothing",,,-0.5574
Ocean Protocol - GENERAL - ğŸ’¡ï¸±idea-factory [1088534285478269038],387401160656683034,birususama,2023-05-15 19:14:00,"1. I am a user of reddit for more than 8 years and I know what main cryptocurrency subreddit is and how big is the following there. 

2. We have a strong team in place which analyses what is best for the project. We do welcome feedback and your feedback is definitely noted by the team. I will also make sure I forward your feedback to the team.  

3. You dont have to use offensive language here. Please speak in a civilised way. Take this as a gentle warning. 

As i already said we dont post much ourselves in the subredditt. It is more of a discussion platform where we answer if any community members posts a question or any clarification.",,,0.936
Ocean Protocol - GENERAL - ğŸ’¡ï¸±idea-factory [1088534285478269038],768163222095134732,lukas85#6738,2023-05-15 19:15:00,A guy like Charles from Cardano except in the dataspace is going to come before or during next bull run and eat your lunch,,,0.3612
Ocean Protocol - GENERAL - ğŸ’¡ï¸±idea-factory [1088534285478269038],768163222095134732,lukas85#6738,2023-05-15 19:15:00,if you don't change your ways soon,,,0.0
Ocean Protocol - GENERAL - ğŸ’¡ï¸±idea-factory [1088534285478269038],768163222095134732,lukas85#6738,2023-05-15 19:15:00,ill leave it at that,,,-0.4588
Ocean Protocol - GENERAL - ğŸ’¡ï¸±idea-factory [1088534285478269038],768163222095134732,lukas85#6738,2023-05-15 19:15:00,People laughed at him,,,0.4588
Ocean Protocol - GENERAL - ğŸ’¡ï¸±idea-factory [1088534285478269038],768163222095134732,lukas85#6738,2023-05-15 19:15:00,for doing weekly youtube videos,,,0.0
Ocean Protocol - GENERAL - ğŸ’¡ï¸±idea-factory [1088534285478269038],768163222095134732,lukas85#6738,2023-05-15 19:15:00,and getting r/crypto briggaded with front page posts,,,0.0
Ocean Protocol - GENERAL - ğŸ’¡ï¸±idea-factory [1088534285478269038],768163222095134732,lukas85#6738,2023-05-15 19:15:00,but yet cardano become a top 5 coin on that alone,,,-0.0772
Ocean Protocol - GENERAL - ğŸ’¡ï¸±idea-factory [1088534285478269038],768163222095134732,lukas85#6738,2023-05-15 19:16:00,"and its staying there, cant say the same for any of the projects that laughed at Charles and his methodology and commitment",,,0.6808
Ocean Protocol - GENERAL - ğŸ’¡ï¸±idea-factory [1088534285478269038],387401160656683034,birususama,2023-05-15 19:16:00,Your feedback is definitely taken here.,,,0.4019
Ocean Protocol - GENERAL - ğŸ’¡ï¸±idea-factory [1088534285478269038],768163222095134732,lukas85#6738,2023-05-15 19:17:00,thanks i wont bother you anymore then probably just get myself muted/banned and wasted everyones time,,,0.1867
Ocean Protocol - GENERAL - ğŸ’¡ï¸±idea-factory [1088534285478269038],776809690734395433,swish24_08,2023-05-15 20:31:00,"Hey @lukas85 thanks for the passionate feedback, i get your frustration and i can tell you that we already know about most of the issues and we are actively working internally to rethink our approach. Please keep it light, everybody is trying their best",,ğŸ¥° (1),0.9001
Ocean Protocol - GENERAL - ğŸ’¡ï¸±idea-factory [1088534285478269038],776809690734395433,swish24_08,2023-05-15 20:31:00,https://tenor.com/view/high-five-apir-news-report-gif-24038155,,,0.0
Ocean Protocol - GENERAL - ğŸ’¡ï¸±idea-factory [1088534285478269038],985478606283223041,bigimeyagazzz,2023-05-15 22:17:00,"Please ğŸ™ğŸ¾ donâ€™t speak like that, everything will be sorted out",,,0.5859
Ocean Protocol - GENERAL - ğŸ’¡ï¸±idea-factory [1088534285478269038],563434444321587202,Maki#4920,2023-05-15 22:17:00,**@BigTime just advanced to level 3!**,https://cdn.discordapp.com/attachments/1088534285478269038/1107673234838659123/Maki-levelup.png?ex=65e5d816&is=65d36316&hm=179c91f809583c39f7c0dfac6ac2c9f3983973e28a275d8e953daedba5ee67d5&,ğŸ”¥ (2),0.3164
Ocean Protocol - GENERAL - ğŸ’¡ï¸±idea-factory [1088534285478269038],637316986589806645,rx2347#2597,2023-05-18 01:56:00,"hey there, just a little improvement idea: it'd be great to have a markdown preview on the marketplace publish page, otherwise you have to go back and forth to the last page to see a preview until you finally get everything right ğŸ™‚",,,0.7787
Ocean Protocol - GENERAL - ğŸ’¡ï¸±idea-factory [1088534285478269038],776809690734395433,swish24_08,2023-05-18 19:49:00,"@rx2347 thanks for the feedback but currently we aren't allocating that much effort on the market, we are focusing more on the stack and supporting people to build on it",,"ğŸ¤¨ (2),ğŸ‘ (1)",0.7003
Ocean Protocol - GENERAL - ğŸ’¡ï¸±idea-factory [1088534285478269038],768163222095134732,lukas85#6738,2023-05-22 11:38:00,"if no effort on the market, what is point of ocean token then",,,-0.296
Ocean Protocol - GENERAL - ğŸ’¡ï¸±idea-factory [1088534285478269038],768163222095134732,lukas85#6738,2023-05-22 11:42:00,@Mihai | Ocean,,,0.0
Ocean Protocol - GENERAL - ğŸ’¡ï¸±idea-factory [1088534285478269038],768163222095134732,lukas85#6738,2023-05-22 12:14:00,Isn't that like if Amazon said no more marketplace? we are just going to service out AWS for hosting as we already are and you can setup your own marketplaces to see if merchants come?,,,-0.4534
Ocean Protocol - GENERAL - ğŸ’¡ï¸±idea-factory [1088534285478269038],955744627481255976,awesomeQA#0813,2023-05-22 12:14:00,N/A,,"ğŸ‘ (2),ğŸ‘ (1)",0.0
Ocean Protocol - GENERAL - ğŸ’¡ï¸±idea-factory [1088534285478269038],768163222095134732,lukas85#6738,2023-05-22 12:23:00,so .1% fees,,,0.0
Ocean Protocol - GENERAL - ğŸ’¡ï¸±idea-factory [1088534285478269038],768163222095134732,lukas85#6738,2023-05-22 12:24:00,"to hear the marketplace isn't going to get as much development is disappointing, I know there has been way less consume volume since wash trading your own datasets was fixed",,,-0.4939
Ocean Protocol - GENERAL - ğŸ’¡ï¸±idea-factory [1088534285478269038],768163222095134732,lukas85#6738,2023-05-22 12:25:00,"but still, amazon sold only books for first few years and didn't become a global supplier till 2012, it was a long load there as well",,,0.5719
Ocean Protocol - GENERAL - ğŸ’¡ï¸±idea-factory [1088534285478269038],776809690734395433,swish24_08,2023-05-22 14:18:00,"@lukas85 well that is exactly what we are trying to do right now, better show what you can do with Ocean. We already launched a templates page with various use cases that we will be constantly updating. At the end of the day the marketplace is just one idea/use case.",,turtle (1),0.6705
Ocean Protocol - GENERAL - ğŸ’¡ï¸±idea-factory [1088534285478269038],776809690734395433,swish24_08,2023-05-22 14:20:00,"We always encouraged the community to build their own marketplace, that was our messaging from the start.",,,0.3612
Ocean Protocol - GENERAL - ğŸ’¡ï¸±idea-factory [1088534285478269038],776809690734395433,swish24_08,2023-05-22 14:24:00,"Hopefully our actions will change your mind, our goal was always to create something than brings actual value and we stay true to that.",,ğŸ‘ (3),0.8402
Ocean Protocol - GENERAL - ğŸ’¡ï¸±idea-factory [1088534285478269038],768163222095134732,lukas85#6738,2023-05-22 22:35:00,"I saw you are essentially burning the ocean ""keys"", so no one can control emissions or create tokens out of thin air? that is good steps",,ğŸ‘ (2),0.2809
Ocean Protocol - GENERAL - ğŸ’¡ï¸±idea-factory [1088534285478269038],1100672899431546920,poseidon2525,2023-05-24 14:18:00,"Hey!
I totally get where you're coming from! It's pretty surprising when a Web 3 company still sticks with a Web 2 one. I mean, Web 3 is all about decentralization and moving away from the big players like FAGAM. Instead, it's about embracing decentralized cloud infrastructure. So, using Google forms kind of contradicts the whole Web 3 vision, you know? And in Europe, people are really taking their digital sovereignty seriously. They're even taking legal action against FAGAM.
I've got a couple of suggestions for you to consider. How about using a form that stores information as an NFT linked to an Ocean DID? That way, it aligns more with decentralization and it's a great use case for Ocean. Plus, let's keep it simple! Maybe limit it to just three clicks from one wallet. That would make it super user-friendly and efficient.",,,0.958
Ocean Protocol - GENERAL - ğŸ’¡ï¸±idea-factory [1088534285478269038],994272939476267018,graceful.coder,2023-05-25 02:24:00,"Hi Poseidon, thanks for your suggestion for improvement! An NFT form is quite an innovative idea indeed. As we carefully allocate our resources to best drive our organization's goals forward, developing an NFT form isn't quite high on our organizational priorities. That said, we do occasionally use Web 2 tools that drive our efficiency so that we don't have to reinvent the wheel in certain areas - hence using Discord for communications and Google for forms. Creative feedback is always welcome ğŸ™‚ Feel free to keep the ideas coming!",,,0.9763
Ocean Protocol - GENERAL - ğŸ’¡ï¸±idea-factory [1088534285478269038],717363377269244015,blockchainlugano,2023-05-25 03:03:00,"Hey I notice that you have a lot to say about social comms. Ever thought about joining the ambassador program and working on bounties that address this very issue, where you can get rewarded to put those great ideas to work?",,,0.8074
Ocean Protocol - GENERAL - ğŸ’¡ï¸±idea-factory [1088534285478269038],1100672899431546920,poseidon2525,2023-05-25 03:31:00,"Absolutely, time is a precious asset, and managing it wisely is crucial. The transition from Web 2 to Web 3 is inevitable, and it brings exciting possibilities. I envision â€“ for the moment - Ocean Protocol as a storage middleware between DApps and data assets, handling authentication and authorization. In a way, it can be seen as a Web 3 database where NFTs are stored as records.
What's intriguing about Web 3 architecture is that it can be seen as a massive decentralized computer. It enables extensive computation in a decentralized manner, which is a stark contrast to traditional data centers. These centralized compute nodes (aka data center), aside from being unsustainable and straining national power grids, pose security concerns due to centralization.
Consider climate research, where datasets spanning 10 years and captured from smart IoT devices are used. Web 3 architecture, with its incentive mechanisms for citizens and companies to share computing and storage resources, could provide an economically viable solution. Adding Ocean Protocol's smart control ensures efficient data management, outsourcing tasks like lifecycle management and data copy management, thus limiting the impact of outages with the option to create a digital commons. (eg climate data as a digital common asset )
The potential of Web 3 extends beyond climate research, empowering users with control over their data and digital assets. By embracing blockchain technology, decentralized applications, and protocols, we can create a more secure, private, and user-centric internet. The transition to Web 3 is an exciting step towards a decentralized future! ğŸ’»ğŸŒğŸš€",,"ğŸ’¯ (3),â¤ï¸ (2)",0.9912
Ocean Protocol - GENERAL - ğŸ’¡ï¸±idea-factory [1088534285478269038],401359687775289364,at_least_weasel,2023-05-30 04:00:00,"Hi, I wanted to move this discussion  over here since this seemed like a better place for this https://discord.com/channels/612953348487905282/612953349003673629/1112776444800671774",,ğŸ‘ (2),0.6597
Ocean Protocol - GENERAL - ğŸ’¡ï¸±idea-factory [1088534285478269038],871755444773867521,nz3000,2023-05-30 20:49:00,"Hi there, I'm from Interport Finance, and I'm interested in discussing a potential free listing proposal for your project. Could you please let me know who the appropriate contact person would be?",,,0.8074
Ocean Protocol - GENERAL - ğŸ’¡ï¸±idea-factory [1088534285478269038],955744627481255976,awesomeQA#0813,2023-05-30 20:49:00,N/A,,"ğŸ‘ (3),ğŸ‘ (2)",0.0
Ocean Protocol - GENERAL - ğŸ’¡ï¸±idea-factory [1088534285478269038],843831770062913568,white_rider_,2023-05-31 15:39:00,Hello and thanks for reaching out ğŸŒŠ,,,0.5719
Ocean Protocol - GENERAL - ğŸ’¡ï¸±idea-factory [1088534285478269038],843831770062913568,white_rider_,2023-05-31 15:39:00,As far as I know at the moment we are not actively searching for listings,,,-0.2411
Ocean Protocol - GENERAL - ğŸ’¡ï¸±idea-factory [1088534285478269038],843831770062913568,white_rider_,2023-05-31 15:40:00,But please fill in this form: https://docs.google.com/forms/d/e/1FAIpQLSdBz7cblsz5yuOKMVoPVfK0Pp1Xuqjwner1kCkRibIIbYMe-w/viewform and one of our members will reach out to you,,,0.4767
Ocean Protocol - GENERAL - ğŸ’¡ï¸±idea-factory [1088534285478269038],843831770062913568,white_rider_,2023-05-31 15:40:00,Thank you ğŸ™ğŸ»,,,0.3612
Ocean Protocol - GENERAL - ğŸ’¡ï¸±idea-factory [1088534285478269038],871755444773867521,nz3000,2023-05-31 19:18:00,"Hey @White Rider Thanks for the quick reply. It's totally free, so I'm sure it would be good proposition.",,,0.8995
Ocean Protocol - GENERAL - ğŸ’¡ï¸±idea-factory [1088534285478269038],603171618092613632,big_st3pp3r,2023-06-05 22:55:00,@blockchainlugano,,,0.0
Ocean Protocol - GENERAL - ğŸ’¡ï¸±idea-factory [1088534285478269038],603171618092613632,big_st3pp3r,2023-06-05 22:55:00,Please check dm,,ğŸ‘ (1),0.3182
Ocean Protocol - GENERAL - ğŸ’¡ï¸±idea-factory [1088534285478269038],717363377269244015,blockchainlugano,2023-06-14 17:21:00,hve you changed your handle? i have no ongoing DM with you nor a friend request. if it is regarding the Ambassador program please ping me in the academy channel.,,âœ… (2),-0.367
Ocean Protocol - GENERAL - ğŸ’¡ï¸±idea-factory [1088534285478269038],985478606283223041,bigimeyagazzz,2023-06-16 04:23:00,Here is for ocean plsğŸ™‚,,,0.0
Ocean Protocol - GENERAL - ğŸ’¡ï¸±idea-factory [1088534285478269038],985478606283223041,bigimeyagazzz,2023-06-16 04:23:00,@White Rider take a look,,ğŸ‘ (1),0.0
Ocean Protocol - GENERAL - ğŸ’¡ï¸±idea-factory [1088534285478269038],843831770062913568,white_rider_,2023-06-16 15:49:00,"ups, missed the message ğŸ˜„",,,-0.296
Ocean Protocol - GENERAL - ğŸ’¡ï¸±idea-factory [1088534285478269038],985478606283223041,bigimeyagazzz,2023-06-19 06:45:00,Delete this !,,ğŸ™ŒğŸ» (1),0.0
Ocean Protocol - GENERAL - ğŸ’¡ï¸±idea-factory [1088534285478269038],985478606283223041,bigimeyagazzz,2023-06-19 06:45:00,@White Rider come see,,,0.0
Ocean Protocol - GENERAL - ğŸ’¡ï¸±idea-factory [1088534285478269038],985478606283223041,bigimeyagazzz,2023-06-19 06:46:00,You could get banned for this !!,,,-0.555
Ocean Protocol - GENERAL - ğŸ’¡ï¸±idea-factory [1088534285478269038],843831770062913568,white_rider_,2023-07-05 15:03:00,"Hello, Bogdan is great but he is not the person you are searching for. Please fill in this form and one of our members will reach out to you: https://docs.google.com/forms/d/e/1FAIpQLSdBz7cblsz5yuOKMVoPVfK0Pp1Xuqjwner1kCkRibIIbYMe-w/viewform",,,0.6858
Ocean Protocol - GENERAL - ğŸ’¡ï¸±idea-factory [1088534285478269038],881305463831007272,nickscavuzzo33,2023-07-07 01:02:00,Scam - just reported. the account has changed its bio multiple times since this message came in,,,-0.5719
Ocean Protocol - GENERAL - ğŸ’¡ï¸±idea-factory [1088534285478269038],408537280685408256,dudeamir,2023-07-08 01:41:00,"Hey oceaners, what is the strategy to decentralize ocean Aquarius in future? (En/decrypt service)",,,0.0
Ocean Protocol - GENERAL - ğŸ’¡ï¸±idea-factory [1088534285478269038],843831770062913568,white_rider_,2023-07-10 15:51:00,Thanks @Nick | Ocean Protocol for keeping the safe space ğŸ™‚,,,0.7003
Ocean Protocol - GENERAL - ğŸ’¡ï¸±idea-factory [1088534285478269038],843831770062913568,white_rider_,2023-07-10 15:51:00,We are working on something. We'll announce it when the architecture is defined ğŸ˜‰,,ğŸ» (1),0.0
Ocean Protocol - GENERAL - ğŸ’¡ï¸±idea-factory [1088534285478269038],608789009975738368,jakgrills,2023-07-13 23:35:00,"Hey all, great spaces today! The question I asked was: 

Can Ocean Protocol be used to authenticate â€œwhoâ€ contributes to a set of data? 

Example: a set of data is used to train an AI on images of a coffee cup. Could Ocean be used to determine who contributed pictures of if coffee cup to train the AI on what a coffee cup looks like?",,,0.8048
Ocean Protocol - GENERAL - ğŸ’¡ï¸±idea-factory [1088534285478269038],955744627481255976,awesomeQA#0813,2023-07-13 23:36:00,N/A,,"ğŸ‘ (2),ğŸ‘ (2),ğŸ¤¯ (1)",0.0
Ocean Protocol - GENERAL - ğŸ’¡ï¸±idea-factory [1088534285478269038],804604311015129089,doteth,2023-07-13 23:42:00,"Not directly, you could fractionalise ownership of a given asset if youâ€™re able to fairly attribute contributions but there isnâ€™t a way (yet) to track on-chain contributions towards an asset. 

This is something @Gary was also looking into and it may be interesting to explore further.

Maybe @Alex | OceanProtocol and @Mihai | Ocean have something to add here!",,ğŸ’¯ (1),0.8335
Ocean Protocol - GENERAL - ğŸ’¡ï¸±idea-factory [1088534285478269038],608789009975738368,jakgrills,2023-07-13 23:56:00,I am highly interested in fractionalized ownership of community curated data sets. ğŸ‘€,,ğŸ”¥ (1),0.4576
Ocean Protocol - GENERAL - ğŸ’¡ï¸±idea-factory [1088534285478269038],804604311015129089,doteth,2023-07-13 23:58:00,"That is available outside the box already, and there are 2 ways to go about that. You can find more info around fractionalized data assets here: https://docs.oceanprotocol.com/core-concepts/datanft-and-datatoken#fractional-ownership

As for tracking on-chain contributions towards a shared asset, I guess you could do a workaround with a nice frontend that shows every time there has been an update to the metadata. But probably not exactly what you need!",,"â¤ï¸ (2),ğŸ«¡ (2)",0.6114
Ocean Protocol - GENERAL - ğŸ’¡ï¸±idea-factory [1088534285478269038],194817764236460034,robinlehmann,2023-07-14 19:09:00,"Hey @JAK - we are working with https://dataunion.app on this by adding a multiplayer layer on top of Ocean Protocol. Happy to discuss the topic further.

We don't recommend to fractionalise NFTs and profit from work others do to profit yourself as this does not pass the Howey test in our opinion - we are using a different method to reach the same goal. Please check with a lawyer first what rules apply in your jurisdiction.",,"ğŸ‘ (2),ğŸ¥° (1)",0.8907
Ocean Protocol - GENERAL - ğŸ’¡ï¸±idea-factory [1088534285478269038],769250988367544320,cult_leader_en,2023-07-15 02:31:00,gm gm â¤ï¸ I am Head of Community over at Wonderverse! What are the correct channels to connect about a new Discord community engagement bot we think might be of interest to the Ocean community? Is there an email contact or is messaging @WizardOfOld ok?,,,0.7312
Ocean Protocol - GENERAL - ğŸ’¡ï¸±idea-factory [1088534285478269038],955744627481255976,awesomeQA#0813,2023-07-15 02:31:00,N/A,,"ğŸ‘ (3),ğŸ‘ (1)",0.0
Ocean Protocol - GENERAL - ğŸ’¡ï¸±idea-factory [1088534285478269038],804604311015129089,doteth,2023-07-18 15:06:00,What's your email address to verify?,,,0.0
Ocean Protocol - GENERAL - ğŸ’¡ï¸±idea-factory [1088534285478269038],804604311015129089,doteth,2023-07-18 15:07:00,What L2s specifically are you referring to? As far as I'm concerced we aren't deployed on any L2s,,,0.0
Ocean Protocol - GENERAL - ğŸ’¡ï¸±idea-factory [1088534285478269038],804604311015129089,doteth,2023-07-20 19:30:00,"Thanks, can you send me a DM?",,,0.4404
Ocean Protocol - GENERAL - ğŸ’¡ï¸±idea-factory [1088534285478269038],1112744258257047572,stealth7158,2023-07-21 21:35:00,"Hello, guys",,,0.0
Ocean Protocol - GENERAL - ğŸ’¡ï¸±idea-factory [1088534285478269038],1112744258257047572,stealth7158,2023-07-21 21:35:00,Could we get a price bot on discord?,,,-0.4019
Ocean Protocol - GENERAL - ğŸ’¡ï¸±idea-factory [1088534285478269038],717363377269244015,blockchainlugano,2023-07-24 13:49:00,"Hiya @Robin | DataUnion can you explain or share why it's not a good idea? 
I'm examining IPTs: rights to an asset held on-chain by many wallets in the form of an IP commons/pool where an asset has its own governance framework, or itself a mini-DAO. Thoughts on this?",,,0.6315
Ocean Protocol - GENERAL - ğŸ’¡ï¸±idea-factory [1088534285478269038],194817764236460034,robinlehmann,2023-07-24 14:28:00,"Did you see any legal opinion by VitaDAO on IPTs? They exclude the U.S. explicitely and claim there are not clear legal terms there. The easy way to do it.

So if you go back in history to the famous orange farm where the Howey test was invented - a farmer sells rights to the future oranges that will be grown on a piece of land, thus creating a security as:
1. Financial investment - you spend money to acquire your share âœ…
2. Shared enterprise - an NFT/IP NFT gets fractionalised and everyone gets a share âœ…
3. Expectation of profits solely from the efforts of others - you are not going to do the research in the case of an IPT, in the case of fractionalising a DataNFT you are also a passive holder of your fraction while others contribute or sell the data. âœ…

It could of course be argued in 3. that you somehow are doing something but I am not a lawyer, for me its clear that your share of the work is not going to bring most of the money, that is why you work with others.

Thus you create a security.

In the end a protocol like Molecule or other NFT fractionalising protocols don't have to care too much about this, as the users of the tech are the ones breaking the law, not the protocols themselves.
But the users of the tech like VitaDAO or someone then creating a fractionalised NFT will be legally responsible.

I am not a lawyer, I just follow the crypto space for 6 years now and it is a common theme that people create tech that will put their users in jail in their jurisdiction when they use it, IF the government would care enough. So I always recommend caution or to move somewhere where these things don't matter too much.",,"ğŸ‘ (1),ğŸ™ (1)",0.9724
Ocean Protocol - GENERAL - ğŸ’¡ï¸±idea-factory [1088534285478269038],451376138996940810,5ikal,2023-08-09 21:30:00,"please, delete the button ""create a branch"" when chatting with someone and replying to his messages, it really bothers",,,0.3197
Ocean Protocol - GENERAL - ğŸ’¡ï¸±idea-factory [1088534285478269038],717363377269244015,blockchainlugano,2023-08-14 22:41:00,what is this in regards to? github?,,,0.0
Ocean Protocol - GENERAL - ğŸ’¡ï¸±idea-factory [1088534285478269038],451376138996940810,5ikal,2023-08-14 22:42:00,Discord chat,,,-0.4019
Ocean Protocol - GENERAL - ğŸ’¡ï¸±idea-factory [1088534285478269038],717363377269244015,blockchainlugano,2023-08-14 22:54:00,"i don't see this 'branch' just reply to, or do you mean thread?",,,0.0
Ocean Protocol - GENERAL - ğŸ’¡ï¸±idea-factory [1088534285478269038],451376138996940810,5ikal,2023-08-14 22:59:00,"Yeah, it recommends to create a branch with someone,when you reply to this guyâ€™s message couple of times",,,0.6369
Ocean Protocol - GENERAL - ğŸ’¡ï¸±idea-factory [1088534285478269038],451376138996940810,5ikal,2023-08-14 23:01:00,And on pc this recomendation window is a bit annoying,,,-0.4019
Ocean Protocol - GENERAL - ğŸ’¡ï¸±idea-factory [1088534285478269038],700320810979557476,.hrojantorse,2023-08-31 00:13:00,Hey. I was just on the twitter space. Who was I speaking with? Didnâ€™t catch the name. Keen to explore 6551 x Ocean synergies,,,0.3612
Ocean Protocol - GENERAL - ğŸ’¡ï¸±idea-factory [1088534285478269038],881305463831007272,nickscavuzzo33,2023-08-31 00:36:00,hey man - great talking in spaces! it was me haha,,,0.8122
Ocean Protocol - GENERAL - ğŸ’¡ï¸±idea-factory [1088534285478269038],700320810979557476,.hrojantorse,2023-08-31 01:28:00,Pleasure connecting!,,,0.6114
Ocean Protocol - GENERAL - ğŸ’¡ï¸±idea-factory [1088534285478269038],700320810979557476,.hrojantorse,2023-08-31 01:31:00,Do you mind linking your twitter?,,,0.0
Ocean Protocol - GENERAL - ğŸ’¡ï¸±idea-factory [1088534285478269038],881305463831007272,nickscavuzzo33,2023-08-31 02:50:00,https://twitter.com/Scavuzzzo33,,,0.0
Ocean Protocol - GENERAL - ğŸ’¡ï¸±idea-factory [1088534285478269038],881305463831007272,nickscavuzzo33,2023-08-31 02:50:00,scam radar?,,,-0.5719
Ocean Protocol - GENERAL - ğŸ’¡ï¸±idea-factory [1088534285478269038],804604311015129089,doteth,2023-08-31 14:42:00,Banned,,ğŸ«¡ (1),-0.4588
Ocean Protocol - GENERAL - ğŸ’¡ï¸±idea-factory [1088534285478269038],456226577798135808,Deleted User,2023-09-04 10:48:00,"I sent you a DM, would love to chat and get to know more when you're available ğŸ™‚",,,0.6369
Ocean Protocol - GENERAL - ğŸ’¡ï¸±idea-factory [1088534285478269038],804604311015129089,doteth,2023-09-04 14:24:00,"Hi Amaka, my DMs are closed. If youâ€™d like to get in touch with the team best way would be to use this form: https://docs.google.com/forms/d/1IfXV3OxhpFTM-uNKbsI8-mGQaWioFsFVOr-2cr5eVSI/viewform?edit_requested=true",,,0.7717
Ocean Protocol - GENERAL - ğŸ’¡ï¸±idea-factory [1088534285478269038],923284133109723196,angelsoken,2023-09-04 19:53:00,"Hi, guys. I'm Angel from Soken. We provide high quality audit services. Who can I talk to about the audit?",,,0.0
Ocean Protocol - GENERAL - ğŸ’¡ï¸±idea-factory [1088534285478269038],541296122224967681,5h1n0b1,2023-09-05 05:12:00,Hey guys ! Is there any funding from ocean protocol ?,,,0.0
Ocean Protocol - GENERAL - ğŸ’¡ï¸±idea-factory [1088534285478269038],955744627481255976,awesomeQA#0813,2023-09-05 05:12:00,N/A,,"ğŸ‘ (3),ğŸ‘ (1)",0.0
Ocean Protocol - GENERAL - ğŸ’¡ï¸±idea-factory [1088534285478269038],1023969691548528700,wanderclyffex,2023-09-05 13:40:00,"Hey @Angel , you can start by filling this form - https://forms.gle/pfdbeVqdkwGwhEs56",,,0.0
Ocean Protocol - GENERAL - ğŸ’¡ï¸±idea-factory [1088534285478269038],923284133109723196,angelsoken,2023-09-05 21:03:00,thank you  ğŸ¥°,,ocean (1),0.3612
Ocean Protocol - GENERAL - ğŸ’¡ï¸±idea-factory [1088534285478269038],871844643665506395,flyngcode,2023-09-19 20:45:00,"hello all, I'm glad to be here. I liked to be called a builder because I have interests in building crypto projects. I am a UX/UI designer with interest in designing DeFi and NFT products. 

I would really love to be a contributor here. I believe with my design skills, I will be a great asset here.",,ğŸ”¥ (1),0.9678
Ocean Protocol - GENERAL - ğŸ’¡ï¸±idea-factory [1088534285478269038],804604311015129089,doteth,2023-09-19 21:11:00,"Welcome to the community ser!

We may be running some UX/UI contests for the Ocean Showcases soon, so stay tuned ğŸ”¥",,,0.5093
Ocean Protocol - GENERAL - ğŸ’¡ï¸±idea-factory [1088534285478269038],871844643665506395,flyngcode,2023-09-19 21:12:00,Awesome! :party:,,ğŸ™ (2),0.6588
Ocean Protocol - GENERAL - ğŸ’¡ï¸±idea-factory [1088534285478269038],1017400124592377857,nascencey,2023-09-26 15:26:00,"Hello Team,

I'm Evans, the Business Development Manager at ADAMANT Messenger. I'm eager to explore the possibilities of integrating the Ocean Protocol ecosystem and its token into our messaging platform.

Please keep me posted, as we're excited about the prospect of collaborating.

Thank you, and I'm looking forward to your response.

Best regards,
Evans.",,,0.9337
Ocean Protocol - GENERAL - ğŸ’¡ï¸±idea-factory [1088534285478269038],1017400124592377857,nascencey,2023-09-26 15:26:00,@everyone,,,0.0
Ocean Protocol - GENERAL - ğŸ’¡ï¸±idea-factory [1088534285478269038],804604311015129089,doteth,2023-09-26 15:34:00,"Hi Evans, thanks for reaching out. 

If you could provide more details via this form: https://docs.google.com/forms/d/1IfXV3OxhpFTM-uNKbsI8-mGQaWioFsFVOr-2cr5eVSI/viewform?edit_requested=true we will be able to funnel your request to the right person at Ocean.

Best,
Andrea",,,0.8402
Ocean Protocol - GENERAL - ğŸ’¡ï¸±idea-factory [1088534285478269038],1017400124592377857,nascencey,2023-09-26 15:50:00,"Submitted, looking forward to your response.",,Turbo_Noun (1),0.0
Ocean Protocol - GENERAL - ğŸ’¡ï¸±idea-factory [1088534285478269038],440939390760386561,nonfungibletunji,2023-09-26 21:16:00,Any ocean.swift repos forthcoming?,,,0.0
Ocean Protocol - GENERAL - ğŸ’¡ï¸±idea-factory [1088534285478269038],776809690734395433,swish24_08,2023-09-26 21:26:00,"swift no, but we will have a react native wrapper",,,-0.0516
Ocean Protocol - GENERAL - ğŸ’¡ï¸±idea-factory [1088534285478269038],843831770062913568,white_rider_,2023-09-26 23:49:00,And now you ruined the surprise ğŸ˜†,,,-0.25
Ocean Protocol - GENERAL - ğŸ’¡ï¸±idea-factory [1088534285478269038],268733992520384512,iamnazar,2023-10-05 22:03:00,"It would be cool to add sorting in descending and ascending order, for example, sorting by % of correct predictions",https://cdn.discordapp.com/attachments/1088534285478269038/1159491134649811014/image.png?ex=65e08ec4&is=65ce19c4&hm=f8bc1e7b959114810aedfa9f6e2322023ba56bfb7a869b7ec258d3ab40af87bb&,,0.3182
Ocean Protocol - GENERAL - ğŸ’¡ï¸±idea-factory [1088534285478269038],776809690734395433,swish24_08,2023-10-05 22:58:00,"Thanks for the feedback, it would be better to post this in the #ğŸ¤–ï¸±predictoor channel , this one is for more conceptual ideas ğŸ˜",,â¤ï¸ (2),0.7003
Ocean Protocol - GENERAL - ğŸ’¡ï¸±idea-factory [1088534285478269038],784048127828164610,mulllife,2023-10-10 16:37:00,How do you like the idea of creating Russian and Ukrainian chat rooms for communication?,,,0.5719
Ocean Protocol - GENERAL - ğŸ’¡ï¸±idea-factory [1088534285478269038],449549881699205140,0xdatawolf,2023-10-11 21:05:00,If I am scraping against a public API and would want to automatically upload that data (essentially a data pipeline) and upload it into ocean protocol? how can I do so? is it possible?,,,0.212
Ocean Protocol - GENERAL - ğŸ’¡ï¸±idea-factory [1088534285478269038],955744627481255976,awesomeQA#0813,2023-10-11 21:06:00,N/A,,"ğŸ‘ (2),ğŸ‘ (2)",0.0
Ocean Protocol - GENERAL - ğŸ’¡ï¸±idea-factory [1088534285478269038],881305463831007272,nickscavuzzo33,2023-10-11 22:23:00,gm. You can publish an API end point as a link when you create an asset on the ocean market...is that what youre asking?,,,0.5574
Ocean Protocol - GENERAL - ğŸ’¡ï¸±idea-factory [1088534285478269038],776809690734395433,swish24_08,2023-10-12 03:38:00,"Hi, you don't upload data into ocean protocol. Ocean facilitates sharing, monetisation, access control and other fun things. To achieve what you want you would need to create a small web api with a database. You scrape the date, update the database and the web api serves the latest data. On ocean you publish the endpoint to the API that you created. If you have trouble understanding my long ramble do ask.",,,0.7783
Ocean Protocol - GENERAL - ğŸ’¡ï¸±idea-factory [1088534285478269038],449549881699205140,0xdatawolf,2023-10-12 08:30:00,ah i see i get what you are saying. Thanks for the reply,,ğŸ‘ (7),0.4404
Ocean Protocol - GENERAL - ğŸ’¡ï¸±idea-factory [1088534285478269038],449549881699205140,0xdatawolf,2023-10-12 08:30:00,yup yup thanks for the clarification,,ğŸ‘ (7),0.4404
Ocean Protocol - GENERAL - ğŸ’¡ï¸±idea-factory [1088534285478269038],983758486921957437,boylifedream,2023-10-21 09:57:00,We need to make regional channels,,,0.0
Ocean Protocol - GENERAL - ğŸ’¡ï¸±idea-factory [1088534285478269038],1036604709844287528,orion#2527,2023-11-02 01:45:00,hola,,ğŸ‘‹ğŸ» (7),0.0
Ocean Protocol - GENERAL - ğŸ’¡ï¸±idea-factory [1088534285478269038],952566204357287996,schemacryt001,2023-11-08 06:33:00,hello,,,0.0
Ocean Protocol - GENERAL - ğŸ’¡ï¸±idea-factory [1088534285478269038],952566204357287996,schemacryt001,2023-11-08 06:33:00,hi,,,0.0
Ocean Protocol - GENERAL - ğŸ’¡ï¸±idea-factory [1088534285478269038],967760861689180170,depin_doctor,2023-11-21 19:35:00,"Hello There, Are you open to exploring a collaboration with a cutting-edge project in the energy sector? Theyâ€™re involved with something quite innovative, promising significant tech and business advancements. Think cutting-edge, sustainable energy solutions. Curious to hear more? Letâ€™s DM me.",,,0.9299
Ocean Protocol - GENERAL - ğŸ’¡ï¸±idea-factory [1088534285478269038],881305463831007272,nickscavuzzo33,2023-11-21 22:30:00,Hi @Kamil ğŸ¥· share links please,,,0.5423
Ocean Protocol - GENERAL - ğŸ’¡ï¸±idea-factory [1088534285478269038],967760861689180170,depin_doctor,2023-11-22 05:46:00,Hi @Nick | Ocean Protocol They're https://x.com/Chain4Energy?s=20,,,0.0
Ocean Protocol - GENERAL - ğŸ’¡ï¸±idea-factory [1088534285478269038],967760861689180170,depin_doctor,2023-11-22 05:54:00,"Should be carry, i think that's a scam.",,,-0.5719
Ocean Protocol - GENERAL - ğŸ’¡ï¸±idea-factory [1088534285478269038],881305463831007272,nickscavuzzo33,2023-11-22 06:27:00,deleted thanks,,,0.4404
Ocean Protocol - GENERAL - ğŸ’¡ï¸±idea-factory [1088534285478269038],544953267915063298,quoppledopple,2023-11-22 22:33:00,"Hi ocean team, did you ever consider deploying your protocol on iota/shimmerevm?",,,0.0
Ocean Protocol - GENERAL - ğŸ’¡ï¸±idea-factory [1088534285478269038],881305463831007272,nickscavuzzo33,2023-11-27 23:43:00,Hi have considered alternatives like these but nothing further at the moment. why do you ask?,,,0.1901
Ocean Protocol - GENERAL - ğŸ’¡ï¸±idea-factory [1088534285478269038],544953267915063298,quoppledopple,2023-11-27 23:49:00,As i understood you see yourself as a multichain protocol. Ocean protocol is in colab with gaia-x related products and so is IOTA. Iirc you're also planning implementations with Software AG .. and so does IOTA. Just seams self evident..,,,0.0
Ocean Protocol - GENERAL - ğŸ’¡ï¸±idea-factory [1088534285478269038],881305463831007272,nickscavuzzo33,2023-11-28 00:12:00,"Not so much multichain. The ocean toolstack currently is live in eth mainnet, polygon, and all test networks at the current moment",,,0.0
Ocean Protocol - GENERAL - ğŸ’¡ï¸±idea-factory [1088534285478269038],544953267915063298,quoppledopple,2023-11-28 00:22:00,"Okay, Iota's staging network Shimmer released its EVM just a couple of weeks ago and IOTA will follow. Maybe worth looking into it.",,,0.4215
Ocean Protocol - GENERAL - ğŸ’¡ï¸±idea-factory [1088534285478269038],881305463831007272,nickscavuzzo33,2023-11-28 03:45:00,Good to know. thanks for sharing:),,,0.7003
Ocean Protocol - GENERAL - ğŸ’¡ï¸±idea-factory [1088534285478269038],526377822495703040,clover1221,2023-12-11 01:29:00,@Alex | OceanProtocol scam discord server,,,-0.7506
Ocean Protocol - GENERAL - ğŸ’¡ï¸±idea-factory [1088534285478269038],717363377269244015,blockchainlugano,2023-12-11 14:44:00,"Unclear, please drop in #ğŸš¨ï¸±report-scammers",,,-0.2023
Ocean Protocol - GENERAL - ğŸ’¡ï¸±idea-factory [1088534285478269038],885512712686288916,kaku#5215,2023-12-12 01:47:00,Hi,,,0.0
Ocean Protocol - GENERAL - ğŸ’¡ï¸±idea-factory [1088534285478269038],739132787499597824,kreigdk,2023-12-12 01:57:00,hey mate),,,0.0
Ocean Protocol - GENERAL - ğŸ’¡ï¸±idea-factory [1088534285478269038],885512712686288916,kaku#5215,2023-12-12 02:47:00,Hey,,,0.0
Ocean Protocol - GENERAL - ğŸ’¡ï¸±idea-factory [1088534285478269038],885512712686288916,kaku#5215,2023-12-12 02:47:00,What's up?,,,0.0
Ocean Protocol - GENERAL - ğŸ’¡ï¸±idea-factory [1088534285478269038],901537055996252160,gurutech.crpto,2023-12-12 08:00:00,Hi,,,0.0
Ocean Protocol - GENERAL - ğŸ’¡ï¸±idea-factory [1088534285478269038],1141094155657953352,freda0791,2023-12-16 21:47:00,Hi guys,,,0.0
Ocean Protocol - GENERAL - ğŸ’¡ï¸±idea-factory [1088534285478269038],716251155931332628,friso703,2023-12-17 14:48:00,"It would be cool if there was a dataset for memecoinsâ€¦live tracking the price of memes across chains, resulting in predictions for the next one to pop off",,,0.3182
Ocean Protocol - GENERAL - ğŸ’¡ï¸±idea-factory [1088534285478269038],716251155931332628,friso703,2023-12-17 14:49:00,Does anyone know how to technically prepare for that?,,ğŸ‘€ (7),0.0
Ocean Protocol - GENERAL - ğŸ’¡ï¸±idea-factory [1088534285478269038],739132787499597824,kreigdk,2023-12-17 18:57:00,It's an interesting idea),,,0.4019
Ocean Protocol - GENERAL - ğŸ’¡ï¸±idea-factory [1088534285478269038],739132787499597824,kreigdk,2023-12-17 18:57:00,Do you want to try creating a similar dataset?,,,0.3612
Ocean Protocol - GENERAL - ğŸ’¡ï¸±idea-factory [1088534285478269038],756600010132553869,sid_1822,2023-12-22 05:32:00,Prediction and Gamblefi Will be lit,,,0.0
Ocean Protocol - GENERAL - ğŸ’¡ï¸±idea-factory [1088534285478269038],756600010132553869,sid_1822,2023-12-22 21:01:00,Shoot some Idea guys?,,,-0.34
Ocean Protocol - GENERAL - ğŸ’¡ï¸±idea-factory [1088534285478269038],739132787499597824,kreigdk,2023-12-22 23:22:00,Interesting ideağŸ‘€,,,0.4019
Ocean Protocol - GENERAL - ğŸ’¡ï¸±idea-factory [1088534285478269038],756600010132553869,sid_1822,2023-12-22 23:23:00,Indeed it is ğŸ™Œ,,,0.0
Ocean Protocol - GENERAL - ğŸ’¡ï¸±idea-factory [1088534285478269038],291700031805718530,stip11,2023-12-27 05:31:00,@KreigDk ğŸ”¥,,,0.0
Ocean Protocol - GENERAL - ğŸ’¡ï¸±idea-factory [1088534285478269038],723901465487343628,malte3934,2024-01-05 01:17:00,yes there could be a easz telegram bot for it,,,0.4019
Ocean Protocol - GENERAL - ğŸ’¡ï¸±idea-factory [1088534285478269038],700794972856778792,pacha912,2024-01-14 23:23:00,Scam,,,-0.5719
Ocean Protocol - GENERAL - ğŸ’¡ï¸±idea-factory [1088534285478269038],739132787499597824,kreigdk,2024-01-15 00:43:00,Thank you,,,0.3612
Ocean Protocol - GENERAL - ğŸ’¡ï¸±idea-factory [1088534285478269038],700794972856778792,pacha912,2024-01-16 17:12:00,Scam,,ğŸ’¯ (2),-0.5719
Ocean Protocol - GENERAL - ğŸ’¡ï¸±idea-factory [1088534285478269038],700794972856778792,pacha912,2024-01-16 17:14:00,Yeah and it's full of scam,,,-0.3612
Ocean Protocol - GENERAL - ğŸ’¡ï¸±idea-factory [1088534285478269038],920339458342158347,bbhansome,2024-01-16 17:56:00,Please admin I'm in the ambassador channel but I don't have access to chat,,,0.1655
Ocean Protocol - GENERAL - ğŸ’¡ï¸±idea-factory [1088534285478269038],739132787499597824,kreigdk,2024-01-16 18:10:00,"If you're interested in participating, here's what you need to do:

1. Access the application form: â  â Apply through on this channelhttps://discord.com/channels/612953348487905282/1133478278531911790 and type commands/apply.
2. Answer the questions in the application form.
Once you've completed the application form, the Ambassador Lead will review it and assign you a recruit role ğŸ˜‰",,,0.4019
Ocean Protocol - GENERAL - ğŸ’¡ï¸±idea-factory [1088534285478269038],739132787499597824,kreigdk,2024-01-16 18:10:00,HelloğŸ‘€,,,0.0
Ocean Protocol - GENERAL - ğŸ’¡ï¸±idea-factory [1088534285478269038],920339458342158347,bbhansome,2024-01-16 18:11:00,Ok thank you,,,0.5719
Ocean Protocol - GENERAL - ğŸ’¡ï¸±idea-factory [1088534285478269038],671982169417318400,0x_akelo,2024-01-22 15:47:00,my suggestion is that you need to make a support chat,,,0.4019
Ocean Protocol - GENERAL - ğŸ’¡ï¸±idea-factory [1088534285478269038],1050757684309274725,cash_planet,2024-02-14 23:23:00,Hi everyone,,,0.0
Ocean Protocol - GENERAL - ğŸ’¡ï¸±idea-factory [1088534285478269038],739132787499597824,kreigdk,2024-02-15 01:26:00,Hello!),,,0.0
Ocean Protocol - GENERAL - ğŸ’¡ï¸±idea-factory [1088534285478269038],1050757684309274725,cash_planet,2024-02-15 03:00:00,Howâ€™s your day going,,,0.0
Ocean Protocol - GENERAL - ğŸ’¡ï¸±idea-factory [1088534285478269038],739132787499597824,kreigdk,2024-02-15 04:43:00,Im good! What about you?),,,0.4926
Ocean Protocol - GENERAL - ğŸ’¡ï¸±idea-factory [1088534285478269038],395324706158542862,ben_datastake,2024-02-15 23:51:00,"Hey all
If you are or know of a solid knowledge graph engineer, please get in touch with us at Datastake -- preferably via email info@datastake.io
We're setting up a team to build a mapping tool related to global organised crime -- building on our distributed data governance principles
Cheers",,,0.3612
Ocean Protocol - GENERAL - ğŸ’¡ï¸±idea-factory [1088534285478269038],739132787499597824,kreigdk,2024-02-16 01:15:00,Hey Ben!)  I also recommend you to write to you on this channel https://discord.com/channels/612953348487905282/1089855296026968074,,,0.4199
Ocean Protocol - GENERAL - ğŸ’¡ï¸±idea-factory [1088534285478269038],423496941712834580,mrgreyisyellingfromneverdietacos,2024-02-19 21:52:00,Started a thread.,,,0.0
